<?xml version="1.0" encoding="UTF-8" ?>
<!DOCTYPE configuration
  PUBLIC "-//mybatis.org//DTD Config 3.0//EN"
  "http://mybatis.org/dtd/mybatis-3-config.dtd">
<configuration>
   <typeAliases>
      <typeAlias type="com.project02.world42.DTO.PhotoDTO" alias="photoDTO"></typeAlias>
      <typeAlias type="com.project02.world42.DTO.PreplyDTO" alias="preplyDTO"></typeAlias>
      <typeAlias type="com.project02.world42.DTO.CmntDTO" alias="cmntDTO"></typeAlias>
      <typeAlias type="com.project02.world42.DTO.MainDTO" alias="mainDTO"></typeAlias>
      <typeAlias type="com.project02.world42.DTO.UsersDTO" alias="usersDTO"></typeAlias>
   </typeAliases>
   <mappers>
  	  <mapper resource="mapper/PhotoMapper.xml" />
      <mapper resource="mapper/PreplyMapper.xml" />
      <mapper resource="mapper/mainMapper.xml" />
      <mapper resource="mapper/cmntMapper.xml" />
   </mappers>
</configuration>